Title,Genre,Premiere,Runtime,IMDB Score,Language
Enter the Anime,Documentary,2019,58,2.5,English/Japanese
Dark Forces,Thriller,2020,81,2.6,Spanish
The App,Science fiction/Drama,2019,79,2.6,Italian
The Open House,Horror thriller,2018,94,3.2,English
Kaali Khuhi,Mystery,2020,90,3.4,Hindi
Drive,Action,2019,147,3.5,Hindi
Leyla Everlasting,Comedy,2020,112,3.7,Turkish
The Last Days of American Crime,Heist film/Thriller,2020,149,3.7,English
Paradox,Musical/Western/Fantasy,2018,73,3.9,English
Sardar Ka Grandson,Comedy,2021,139,4.1,Hindi
Searching for Sheela,Documentary,2021,58,4.1,English
The Call,Drama,2020,112,4.1,Korean
Whipped,Romantic comedy,2020,97,4.1,Indonesian
All Because of You,Action comedy,2020,101,4.2,Malay
Mercy,Thriller,2016,90,4.2,English
After the Raid,Documentary,2019,25,4.3,Spanish
Ghost Stories,Horror anthology,2020,144,4.3,Hindi
The Last Thing He Wanted,Political thriller,2020,115,4.3,English
What Happened to Mr. Cha?,Comedy,2021,102,4.3,Korean
Death Note,Horror thriller,2017,100,4.4,English
"Hello Privilege. It's Me, Chelsea",Documentary,2019,64,4.4,English
Secret Obsession,Thriller,2019,97,4.4,English
Sextuplets,Comedy,2019,99,4.4,English
The Girl on the Train,Thriller,2021,120,4.4,Hindi
Thunder Force,Superhero-Comedy,2021,105,4.4,English
Fatal Affair,Thriller,2020,89,4.5,English
Just Say Yes,Romantic comedy,2021,97,4.5,Dutch
Seriously Single,Comedy,2020,107,4.5,English
The Misadventures of Hedi and Cokeman,Comedy,2021,99,4.5,French
5 Star Christmas,Comedy,2018,95,4.6,Italian
After Maria,Documentary,2019,37,4.6,English/Spanish
I Am the Pretty Thing That Lives in the House,Horror,2016,89,4.6,English
Paris Is Us,Romance drama,2019,83,4.6,French
Porta dos Fundos: The First Temptation of Christ,Comedy,2019,46,4.6,Portuguese
Rattlesnake,Horror,2019,85,4.6,English
The Players,Comedy,2020,88,4.6,Italian
We Are One,Documentary,2020,86,4.6,French
Finding Agnes,Drama,2020,105,4.7,Filipino
IO,Science fiction/Drama,2019,95,4.7,English
Sentinelle,Action,2021,80,4.7,French
Sol Levante,Anime / Short,2020,4,4.7,English
The Binding,Drama,2020,93,4.7,Italian
We Can Be Heroes,Superhero,2020,100,4.7,English
Christmas Crossfire,Thriller,2020,106,4.8,German
Coin Heist,Heist,2017,97,4.8,English
Mrs. Serial Killer,Thriller,2020,106,4.8,Hindi
Nobody Sleeps in the Woods Tonight,Horror,2020,103,4.8,Polish
Take the 10,Comedy,2017,80,4.8,English
The Main Event,Comedy,2020,101,4.8,English
The Ridiculous 6,Western,2015,119,4.8,English
Earth and Blood,Action,2020,80,4.9,French
Fearless,Animation/Superhero,2020,89,4.9,English
Holiday Rush,Family film,2019,94,4.9,English
The Day of the Lord,Drama,2020,93,4.9,Spanish
Airplane Mode,Comedy,2020,96,5.0,Portuguese
How It Ends,Action-thriller,2018,113,5.0,English
Love Like the Falling Rain,Drama,2020,86,5.0,Indonesian
Rebirth,Thriller,2016,100,5.0,English
Squared Love,Romantic comedy,2021,102,5.0,Polish
Cadaver,Horror,2020,86,5.1,Norwegian
Clinical,Thriller,2017,104,5.1,English
Coffee & Kareem,Action comedy,2020,88,5.1,English
Dude,Teen comedy-drama,2018,97,5.1,English
Geez & Ann,Romantic drama,2021,105,5.1,Indonesian
The Larva Island Movie,Animation,2020,90,5.1,English
#REALITYHIGH,Comedy,2017,99,5.2,English
American Factory: A Conversation with the Obamas ,Aftershow / Interview,2019,10,5.2,English
Desperados,Romantic comedy,2020,106,5.2,English
Dolly Parton's Christmas on the Square,Christmas musical,2020,98,5.2,English
Father of the Year,Comedy,2018,94,5.2,English
Firebrand,Drama,2019,112,5.2,Marathi
Ghost Lab,Horror,2021,117,5.2,Thai
Girlfriend's Day,Comedy,2017,70,5.2,English
Handsome: A Netflix Mystery Movie,Comedy,2017,81,5.2,English
Hubie Halloween,Comedy,2020,103,5.2,English
Ibiza,Comedy,2018,94,5.2,English
Rim of the World,Science fiction adventure,2019,98,5.2,English
Sandy Wexler,Comedy,2017,131,5.2,English
See You Yesterday,Science fiction,2019,87,5.2,English
Still Laugh-In: The Stars Celebrate,Variety show,2019,60,5.2,English
"Strip Down, Rise Up",Documentary,2021,112,5.2,English
Tall Girl,Comedy-drama,2019,102,5.2,English
The Beast,Drama,2020,99,5.2,Italian
The Week Of,Comedy,2018,116,5.2,English
A Christmas Prince: The Royal Wedding,Romantic comedy,2018,92,5.3,English
Back to School,Comedy,2019,83,5.3,French
Dangerous Lies,Thriller,2020,97,5.3,English
Gunjan Saxena: The Kargil Girl,Drama,2020,112,5.3,Hindi
Intuition,Thriller,2020,116,5.3,Spanish
The Most Assassinated Woman in the World,Thriller,2018,102,5.3,French
Things Heard & Seen,Horror,2021,121,5.3,English
"To Each, Her Own",Romantic comedy,2018,95,5.3,French
Who Would You Take to a Deserted Island?,Drama,2019,93,5.3,Spanish
XOXO,Drama,2016,92,5.3,English
A Babysitter's Guide to Monster Hunting,Comedy/Fantasy/Family,2020,98,5.4,English
A Christmas Prince: The Royal Baby,Romantic comedy,2019,85,5.4,English
Despite Everything,Comedy,2019,78,5.4,Spanish
Dolly Kitty and Those Twinkling Stars,Drama,2020,120,5.4,Hindi
Freaks: You're One of Us,Supernatural drama,2020,92,5.4,German
"Game Over, Man!",Action/Comedy,2018,101,5.4,English
Guilty,Thriller,2020,119,5.4,Hindi
In the Tall Grass,Horror,2019,101,5.4,English
Madame Claude,Drama,2021,112,5.4,French
Naked,Comedy,2017,96,5.4,English
Outside the Wire,Action/Science fiction,2021,114,5.4,English
The Princess Switch: Switched Again,Romantic comedy,2020,97,5.4,English
Under the Riccione Sun,Romantic teenage drama,2020,101,5.4,Italian
A Very Murray Christmas,Comedy / Musical,2015,56,5.5,English
Been So Long,Musical,2018,100,5.5,English
Dead Kids,Thriller,2019,94,5.5,Filipino
Get the Grift,Comedy,2021,94,5.5,Portuguese
Ghosts of Sugar Land,Documentary,2019,21,5.5,English
House Arrest,Comedy,2019,104,5.5,Hindi
Kevin Hart's Guide to Black History,Variety show,2019,63,5.5,English
Love Wedding Repeat,Romantic comedy,2020,100,5.5,English
Mute,Science fiction/Mystery,2018,126,5.5,English
Òlòt?ré,Crime drama,2020,106,5.5,English
Red Dot,Thriller,2021,86,5.5,Swedish
Ride or Die,Psychological thriller drama,2021,142,5.5,Japanese
Step Sisters,Comedy,2018,108,5.5,English
The Cloverfield Paradox,Science fiction,2018,102,5.5,English
The Knight Before Christmas,Romantic comedy,2019,92,5.5,English
The Legacy of a Whitetail Deer Hunter,Adventure/Comedy,2018,83,5.5,English
The Package,Black comedy,2018,94,5.5,English
Unicorn Store,Comedy,2019,92,5.5,English
Wine Country,Comedy,2019,103,5.5,English
Bomb Scared,Black comedy,2017,89,5.6,Spanish/Basque
Brahman Naman,Comedy,2016,95,5.6,English
Double Dad,Comedy-drama,2021,103,5.6,Portuguese
Falling Inn Love,Romantic comedy,2019,97,5.6,English
Hold the Dark,Thriller,2018,125,5.6,English
"Love, Guaranteed",Romantic comedy,2020,91,5.6,English
One-Way to Tomorrow,Romance,2020,90,5.6,Turkish
Sarah Cooper: Everything's Fine,Variety show,2020,49,5.6,English
The Last Laugh,Comedy-drama,2019,98,5.6,English
The Last Paradiso,Romantic drama,2021,107,5.6,Italian
The Midnight Sky,Science fiction,2020,118,5.6,English
The Paramedic,Thriller,2020,94,5.6,Spanish
The Sleepover,Comedy,2020,103,5.6,English
Vampires vs. the Bronx,Horror comedy,2020,86,5.6,English
Why Did You Kill Me?,Documentary,2021,83,5.6,English
A Week Away,Christian musical,2021,97,5.7,English
Caught by a Wave,Romantic teen drama,2021,99,5.7,Italian
Christmas Inheritance,Romantic drama,2017,104,5.7,English
Dad Wanted,Family,2020,102,5.7,Spanish
El Camino Christmas,Dark comedy,2017,89,5.7,English
Eli,Horror,2019,98,5.7,English
Ginny Weds Sunny,Romantic comedy,2020,125,5.7,Hindi
Good Sam,Drama,2019,89,5.7,English
Lionheart,Comedy,2019,94,5.7,English
Little Evil,Comedy horror,2017,94,5.7,English
One Take,Documentary,2020,85,5.7,Thai
"Out of Many, One",Documentary,2018,34,5.7,English
Point Blank,Action,2019,86,5.7,English
Prime Time,Thriller,2021,91,5.7,Polish
The Do-Over,Action comedy,2016,108,5.7,English
The Holiday Calendar,Romantic comedy,2018,95,5.7,English
The Woman in the Window,Psychological thriller,2021,100,5.7,English
The Wrong Missy,Comedy,2020,90,5.7,English
Velvet Buzzsaw,Thriller,2019,112,5.7,English
Yes Day,Comedy,2021,86,5.7,English
15 August,Comedy-drama,2019,124,5.8,Marathi
A California Christmas,Romantic comedy,2020,107,5.8,English
A Christmas Prince,Romantic comedy,2017,92,5.8,English
All Day and a Night,Drama,2020,121,5.8,English
American Son,Drama,2019,90,5.8,English
Barry,Biopic,2016,104,5.8,English
Candy Jar,Comedy,2018,92,5.8,English
Choked: Paisa Bolta Hai,Drama,2020,114,5.8,Hindi
Class of '83,Drama,2020,98,5.8,Hindi
Extinction,Science fiction/Thriller,2018,95,5.8,English
Happy Anniversary,Romantic comedy,2018,78,5.8,English
I Am All Girls,Thriller,2021,107,5.8,English
Let It Snow,Romantic comedy,2019,92,5.8,English
Mascots,Mockumentary,2016,95,5.8,English
Operation Christmas Drop,Romantic comedy,2020,96,5.8,English
Rajma Chawal,Comedy-drama,2018,118,5.8,Hindi
Rich in Love,Romantic comedy,2020,105,5.8,Portuguese
Rising High,Satire,2020,94,5.8,German
Rodney King,One-man show,2017,52,5.8,English
Sierra Burgess Is a Loser,Romantic comedy-drama,2018,105,5.8,English
Small Crimes,Dark comedy,2017,95,5.8,English
Special Correspondents,Satire,2016,100,5.8,English
TAU,Science fiction/Thriller,2018,97,5.8,English
The After Party,Comedy,2018,89,5.8,English
The Babysitter: Killer Queen,Comedy/Horror,2020,102,5.8,English
The Claus Family,Fantasy,2020,96,5.8,Dutch
The Kissing Booth 2,Romantic comedy,2020,131,5.8,English
The Perfect Date,Romantic comedy,2019,89,5.8,English
What We Wanted,Drama,2020,93,5.8,German
You've Got This,Romantic comedy,2020,111,5.8,Spanish
6 Balloons,Drama,2018,75,5.9,English
A Fall from Grace,Thriller,2020,120,5.9,English
Amateur,Sports-drama,2018,96,5.9,English
Army of the Dead,Zombie/Heist,2021,148,5.9,English
Cam,Psychological horror,2018,94,5.9,English
Earthquake Bird,Mystery,2019,107,5.9,English
"Frankenstein's Monster's Monster, Frankenstein",Mockumentary,2019,32,5.9,English
Horse Girl,Drama,2020,104,5.9,English
Notes from Dunblane: Lesson from a School Shooting,Documentary,2018,23,5.9,English
Maska,Romantic comedy,2020,111,5.9,Hindi
The Decline,Thriller,2020,83,5.9,French
The Minimalists: Less Is Now,Documentary,2021,53,5.9,English
The Polka King,Comedy-drama,2018,95,5.9,English
The Prom,Musical,2020,132,5.9,English
True Memoirs of an International Assassin,Action comedy,2016,98,5.9,English
Ultras,Sports film,2020,108,5.9,Italian
Come Sunday,Biopic,2018,106,6.0,English
Forgive Us Our Debts,Drama,2018,104,6.0,Italian
iBoy,Science fiction/Thriller,2017,90,6.0,English
Lovefucked,Drama,2019,106,6.0,Hindi
Juanita,Drama,2019,90,6.0,English
Murder Mystery,Comedy mystery,2019,97,6.0,English
Project Power,Superhero,2020,113,6.0,English
Rebecca,Romantic thriller,2020,123,6.0,English
The Christmas Chronicles: Part Two,Christmas comedy,2020,115,6.0,English
The Kissing Booth,Romantic comedy,2018,105,6.0,English
The Princess Switch,Romantic comedy,2018,101,6.0,English
To All the Boys: P.S. I Still Love You,Romantic comedy,2020,102,6.0,English
War Machine,War-Comedy,2017,122,6.0,English
6 Underground,Action,2019,128,6.1,English
Between Two Ferns: The Movie,Comedy,2019,82,6.1,English
Burning Sands,Drama,2017,102,6.1,English
Casting JonBenet,Documentary,2017,80,6.1,English
Deidra & Laney Rob a Train,Drama,2017,94,6.1,English
Finding 'Ohana,Family,2021,123,6.1,English
Holidate,Romantic comedy/Holiday,2020,104,6.1,English
Holiday in the Wild,Adventure-romance,2019,85,6.1,English
Hot Girls Wanted,Documentary,2015,84,6.1,English
Like Father,Comedy,2018,103,6.1,English
Lost Girls,Crime drama,2020,95,6.1,English
Otherhood,Comedy,2019,100,6.1,English
Pee-wee's Big Holiday,Adventure,2016,89,6.1,English
Rogue City,Crime drama,2020,116,6.1,French
Sergio,Biopic,2020,118,6.1,English
Stuck Apart,Drama,2021,96,6.1,Turkish
Tersanjung the Movie,Drama,2021,114,6.1,Indonesian
The Killer,Western,2017,99,6.1,Portuguese
The Lovebirds,Romantic comedy,2020,87,6.1,English
The Most Hated Woman in America,Biopic,2017,92,6.1,English
The Perfection,Horror-thriller,2019,90,6.1,English
Tribhanga  Tedhi Medhi Crazy,Drama,2021,95,6.1,Hindi
Unknown Origins,Thriller,2020,96,6.1,Spanish
Work It,Dance comedy,2020,93,6.1,English
Alien Xmas,Stop Motion,2020,42,6.2,English
Baggio: The Divine Ponytail,Biopic,2021,92,6.2,Italian
Below Zero,Drama,2021,106,6.2,Spanish
Citation,Drama,2020,151,6.2,English
Crazy Awesome Teachers,Comedy-drama,2020,101,6.2,Indonesian
Have You Ever Seen Fireflies?,Comedy,2021,114,6.2,Turkish
High Flying Bird,Sports-drama,2019,90,6.2,English
In the Shadow of the Moon,Thriller,2019,115,6.2,English
Lost Bullet,Thriller,2020,92,6.2,French
Octonauts & the Caves of Sac Actun,Animation,2020,72,6.2,English
Offering to the Storm,Thriller,2020,139,6.2,Spanish
Roxanne Roxanne,Biopic,2018,98,6.2,English
Someone Great,Romantic comedy,2019,92,6.2,English
Spenser Confidential,Action comedy,2020,111,6.2,English
The Land of Steady Habits,Drama,2018,98,6.2,English
The Rachel Divide,Documentary,2018,104,6.2,English
Voyuer ,Documentary,2017,95,6.2,English
Win It All,Comedy,2017,88,6.2,English
1922,Horror/Crime drama,2017,102,6.3,English
A Tale of Two Kitchens,Documentary,2019,30,6.3,English/Spanish
Alex Strangelove,Romantic comedy,2018,99,6.3,English
Apostle,Horror-thriller,2018,129,6.3,English
Benji,Family film,2018,87,6.3,English
Bright,Urban fantasy,2017,117,6.3,English
Cargo,Drama/Horror,2018,104,6.3,English
Concrete Cowboy,Drama,2021,111,6.3,English
Feel the Beat,Family/Comedy-drama,2020,107,6.3,English
Get the Goat,Comedy,2021,97,6.3,Portuguese
I Am Not an Easy Man,Romantic comedy,2018,98,6.3,French
June & Kopi,Drama,2021,90,6.3,Indonesian
Music Teacher,Drama,2019,101,6.3,Hindi
Nail Bomber: Manhunt,Documentary,2021,72,6.3,English
Notes for My Son,Drama,2020,83,6.3,Spanish
Polar,Action,2019,118,6.3,English
Porta dos Fundos: The Last Hangover,Comedy,2018,44,6.3,Portuguese
Sand Castle,War,2017,113,6.3,English
Shimmer Lake,Crime thriller,2017,86,6.3,English
Spectral,Science fiction/Action,2016,108,6.3,English
The Babysitter,Teen comedy horror,2017,85,6.3,English
The Discovery,Science fiction/Drama,2017,102,6.3,English
The Forest of Love,Drama,2019,151,6.3,Japanese
The Laundromat,Comedy-drama,2019,98,6.3,English
The Legend of Cocaine Island,Documentary,2019,87,6.3,English
The Outsider,Crime drama,2018,120,6.3,English/Japanese
Time to Hunt,Thriller,2020,134,6.3,Korean
To All the Boys: Always and Forever,Romantic comedy,2021,109,6.3,English
Travis Scott: Look Mom I Can Fly,Documentary,2019,85,6.3,English
Uncorked,Drama,2020,103,6.3,English
Anelka: Misunderstood,Documentary,2020,94,6.4,French
"Ariana Grande: Excuse Me, I Love You",Concert Film,2020,97,6.4,English
ARQ,Science fiction/Thriller,2016,88,6.4,English
Birders,Documentary,2019,37,6.4,English/Spanish
Como Caído del Cielo,Musical comedy,2019,112,6.4,Spanish
First Match,Sports-drama,2018,102,6.4,English
Fractured,Thriller,2019,100,6.4,English
Irreplaceable You,Drama,2018,96,6.4,English
Isi & Ossi,Romantic comedy,2020,113,6.4,German
John Was Trying to Contact Aliens,Documentary,2020,16,6.4,English
Layla Majnun,Romantic drama,2021,119,6.4,Indonesian
Murder to Mercy: The Cyntoia Brown Story,Documentary,2020,97,6.4,English
My Own Man,Documentary,2014,81,6.4,English
Nappily Ever After,Comedy-drama,2018,98,6.4,English
Over the Moon,Animation/Musical/Adventure,2020,95,6.4,English
Street Flow,Drama,2019,96,6.4,French
Strong Island,Documentary,2017,107,6.4,English
Sturgill Simpson Presents: Sound & Fury,Animation / Musicial,2019,41,6.4,English
Take Your Pills,Documentary,2018,87,6.4,English
The Heartbreak Club,Comedy-drama,2021,101,6.4,Indonesian
The Mars Generation,Documentary,2017,97,6.4,English
The Occupant,Thriller,2020,103,6.4,Spanish
The Willoughbys,Animation/Comedy/Adventure,2020,90,6.4,English
Triple Frontier,Action-thriller,2019,125,6.4,English
Two Catalonias,Documentary,2018,116,6.4,Spanish/Catalan
Walk. Ride. Rodeo.,Drama,2019,99,6.4,English
Wheelman,Action thriller,2017,82,6.4,English
When We First Met,Romantic comedy,2018,97,6.4,English
A 3 Minute Hug,Documentary,2019,28,6.5,English/Spanish
All the Bright Places,Romance,2020,108,6.5,English
All Together Now,Drama,2020,93,6.5,English
Altered Carbon: Resleeved,Anime/Science fiction,2020,74,6.5,Japanese
Antoine Griezmann: The Making of a Legend,Documentary,2019,60,6.5,French
Canvas ,Animation / Short,2020,9,6.5,English
Chadwick Boseman: Portrait of an Artist,Documentary,2021,21,6.5,English
Chopsticks,Comedy,2019,100,6.5,Hindi
Da 5 Bloods,War drama,2020,155,6.5,English
Dolly Parton: A MusiCares Tribute,Documentary,2021,55,6.5,English
Eurovision Song Contest: The Story of Fire Saga,Musical comedy,2020,123,6.5,English
Gerald's Game,Horror thriller,2017,103,6.5,English
His House,Thriller,2020,93,6.5,English
Jingle Jangle: A Christmas Journey,Family/Christmas musical,2020,119,6.5,English
Life Overtakes Me,Documentary,2019,40,6.5,English/Swedish
Lust Stories,Drama,2018,120,6.5,Hindi
Monster,Drama,2021,98,6.5,English
Mowgli: Legend of the Jungle,Adventure,2018,104,6.5,English
Nobody Knows I'm Here,Drama,2020,91,6.5,Spanish
Nobody Speak: Trials of the Free Press,Documentary,2017,95,6.5,English
Oxygen,Science fiction thriller,2021,101,6.5,French
Set It Up,Romantic comedy,2018,105,6.5,English
The Incredible Jessica James,Comedy,2017,83,6.5,English
Tigertail,Drama,2020,91,6.5,English/Taiwanese/Mandarin
Tramps,Romance,2017,83,6.5,English
What Did Jack Do?,Drama / Short,2020,17,6.5,English
Bad Trip,Hidden-camera prank comedy,2021,86,6.6,English
Bird Box,Psychological thriller,2018,124,6.6,English
Bulbbul,Horror,2020,94,6.6,Hindi
Crazy About Her,Romantic comedy,2021,102,6.6,Spanish
Elisa & Marcela,Romance,2019,118,6.6,Spanish
I'll Sleep When I'm Dead,Documentary,2016,79,6.6,English
I'm Thinking of Ending Things,Psychological thriller,2020,134,6.6,English
It Takes a Lunatic,Documentary,2019,126,6.6,English
Milestone,Drama,2021,98,6.6,Hindi
Recovery Boys,Documentary,2018,89,6.6,English
ReMastered: Who Killed Jam Master Jay?,Documentary,2018,58,6.6,English
Shawn Mendes: In Wonder,Documentary,2020,83,6.6,English
Space Sweepers,Science fiction,2021,136,6.6,Korean
The American Meme,Documentary,2018,98,6.6,English
The Angel,Spy thriller,2018,114,6.6,English
The Crimes That Bind,Crime drama,2020,99,6.6,Spanish
The Red Sea Diving Resort,Spy thriller,2019,130,6.6,English
What Would Sophia Loren Do?,Documentary,2021,32,6.6,English
A Whisker Away,Anime/Fantasy,2020,104,6.7,Japanese
Ajeeb Daastaans,Drama,2021,142,6.7,Hindi
Arlo the Alligator Boy,Animated musical comedy,2021,92,6.7,English
"Bikram: Yogi, Guru, Predator",Documentary,2019,86,6.7,English
Blame!,Anime/Science fiction,2017,106,6.7,Japanese
Blue Miracle,Drama,2021,95,6.7,English
CounterPunch ,Documentary,2017,91,6.7,English
"Crack: Cocaine, Corruption & Conspiracy",Documentary,2021,89,6.7,English
Extraction,Action,2020,117,6.7,English
Giving Voice,Documentary,2020,90,6.7,English
Hillbilly Elegy,Drama,2020,117,6.7,English
Hope Frozen: A Quest to Live Twice,Documentary,2020,80,6.7,Thia/English
Imperial Dreams,Drama,2017,87,6.7,English
Just Another Christmas,Comedy,2020,101,6.7,Portuguese
Little Miss Sumo,Documentary,2019,19,6.7,Japanese
Malcolm & Marie,Romantic drama,2021,106,6.7,English
"Michael Bolton's Big, Sexy, Valentine's Day Special",Variety Show,2017,54,6.7,English
Moxie,Drama,2021,111,6.7,English
Night in Paradise,Drama,2021,132,6.7,Korean
Paper Lives,Drama,2021,97,6.7,Turkish
Parchis: The Documentary,Documentary,2019,106,6.7,Spanish
Tallulah,Comedy-drama,2016,111,6.7,English
The Old Guard,Superhero/Action,2020,124,6.7,English
Tony Robbins: I Am Not Your Guru,Documentary,2016,116,6.7,English
Upstarts,Drama,2019,112,6.7,Hindi
22 July,Drama,2018,144,6.8,English
7 años,Drama,2016,76,6.8,Spanish
A Futile and Stupid Gesture,Biographical/Comedy,2018,101,6.8,English
A Life of Speed: The Juan Manuel Fangio Story,Documentary,2020,92,6.8,Spanish
A Love Song for Latasha,Documentary,2020,19,6.8,English
All in My Family,Documentary,2019,39,6.8,English/Mandarin
Always Be My Maybe,Romantic comedy,2019,102,6.8,English
Becoming,Documentary,2020,89,6.8,English
Long Live Brij Mohan,Comedy,2018,105,6.8,Hindi
Calibre,Thriller,2018,101,6.8,English
Death to 2020,Comedy,2020,70,6.8,English
GIMS: On the Record,Documentary,2020,96,6.8,French
Have a Good Trip: Adventures in Psychedelics,Documentary,2020,85,6.8,English
Heroin(e) ,Documentary,2017,39,6.8,English
Mercury 13,Documentary,2018,79,6.8,English
Saving Capitalism,Documentary,2017,73,6.8,English
Serious Men,Drama,2020,114,6.8,Hindi
The Boys in the Band,Drama,2020,121,6.8,English
The Boys in the Band: Something Personal,Aftershow / Interview,2020,28,6.8,English
The Life Ahead,Drama,2020,95,6.8,Italian
The Other Side of the Wind,Drama,2018,122,6.8,English
The Trader,Documentary,2018,23,6.8,Georgian
To the Bone,Drama,2017,107,6.8,English
Tony Parker: The Final Shot,Documentary,2021,98,6.8,French
AK vs AK,Thriller,2020,108,6.9,Hindi
Amanda Knox,Documentary,2016,92,6.9,English
Bigflo & Oil: Hip Hop Frenzy,Documentary,2020,100,6.9,French
Biggie: I Got a Story to Tell,Documentary,2021,97,6.9,English
Cops and Robbers,Animation / Short,2020,7,6.9,English
I Don't Feel at Home in This World Anymore,Drama,2017,96,6.9,English
Laerte-se,Documentary,2017,100,6.9,Portuguese
Mank,Biopic,2020,132,6.9,English
Our Souls at Night,Romance,2017,103,6.9,English
Outlaw King,Historical-epic,2018,121,6.9,English
Pagglait,Comedy-drama,2021,114,6.9,Hindi
ReMastered: Who Shot the Sheriff?,Documentary,2018,57,6.9,English
Seeing Allred,Documentary,2018,95,6.9,English
Spelling the Dream,Documentary,2020,83,6.9,English
The Claudia Kishi Club,Documentary,2020,17,6.9,English
The Half of It,Romance,2020,105,6.9,English
The Highwaymen,Crime drama,2019,131,6.9,English
The Lonely Island Presents: The Unauthorized Bash Brothers Experience,Comedy / Musical,2019,30,6.9,English
The Meyerowitz Stories (New and Selected),Comedy-drama,2017,112,6.9,English
Feminists: What Were They Thinking?,Documentary,2018,86,7.0,English
Gaga: Five Foot Two,Documentary,2017,100,7.0,English
I'm No Longer Here: A Discussion with Guillermo del Toro and Alfonso Cuaron,Aftershow / Interview,2020,14,7.0,English
Kingdom of Us,Documentary,2017,109,7.0,English
"Lorena, Light-Footed Woman",Documentary,2019,28,7.0,Spanish
Los Tigres del Norte at Folsom Prison,Documentary,2019,64,7.0,Spanish
Ma Rainey's Black Bottom,Drama,2020,94,7.0,English
Ma Rainey's Black Bottom: A Legacy Brought to Screen,Aftershow / Interview,2020,31,7.0,English
Operation Varsity Blues: The College Admissions Scandal,Documentary,2021,99,7.0,English
Pele,Documentary,2021,108,7.0,English
ReMastered: Devil at the Crossroads,Documentary,2019,48,7.0,English
ReMastered: The Lion's Share,Documentary,2019,84,7.0,English
ReMastered: The Miami Showband Massacre,Documentary,2019,70,7.0,English
Resurface,Documentary,2017,27,7.0,English
Rocko's Modern Life: Static Cling,Animation / Comedy,2019,45,7.0,English
Rose Island,Comedy,2020,117,7.0,Italian
The Christmas Chronicles,Christmas/Fantasy/Adventure/Comedy,2018,104,7.0,English
The Dirt,Biopic,2019,108,7.0,English
The Night Comes for Us,Action-thriller,2018,121,7.0,Indonesian
13th: A Conversation with Oprah Winfrey & Ava DuVernay,Aftershow / Interview,2017,36,7.1,English
Angela's Christmas,Animation,2018,30,7.1,English
Angela's Christmas Wish,Animation,2020,47,7.1,English
Beats,Drama,2019,110,7.1,English
Circus of Books,Documentary,2020,92,7.1,English
Dance Dreams: Hot Chocolate Nutcracker,Documentary,2020,80,7.1,English
Derren Brown: Sacrifice,Mentalism special,2018,49,7.1,English
El Pepe: A Supreme Life,Documentary,2019,73,7.1,Spanish
End Game,Documentary,2018,40,7.1,English
Evelyn,Documentary,2019,96,7.1,English
Ferry,Crime drama,2021,106,7.1,Dutch
Grass Is Greener,Documentary,2019,97,7.1,English
Guillermo Vilas: Settling the Score,Documentary,2020,94,7.1,Spanish
Joshua: Teenager vs. Superpower,Documentary,2017,78,7.1,English
Keith Richards: Under the Influence,Documentary,2015,81,7.1,English
Knock Down the House,Documentary,2019,87,7.1,English
Loudon Wainwright III: Surviving Twin,One-man show,2018,91,7.1,English
My Beautiful Broken Brain,Documentary,2016,91,7.1,English
One of Us,Documentary,2017,95,7.1,English
Pieces of a Woman,Drama,2021,126,7.1,English
"Ram Dass, Going Home",Documentary,2018,31,7.1,English
ReMastered: Tricky Dick & the Man in Black,Documentary,2018,58,7.1,English
Rooting for Roona,Documentary,2020,41,7.1,Bengali
The Devil All the Time,Psychological thriller,2020,138,7.1,English
The Dig,Drama,2021,112,7.1,English
The Great Hack,Documentary,2019,114,7.1,English
The White Tiger,Drama,2021,125,7.1,English
To All the Boys I've Loved Before,Romantic comedy,2018,99,7.1,English
American Murder: The Family Next Door,Documentary,2020,82,7.2,English
Audrie & Daisy,Documentary,2016,98,7.2,English
First They Killed My Father,Drama,2017,136,7.2,Khmer/English/French
Fyre: The Greatest Party That Never Happened,Documentary,2019,97,7.2,English
Into the Inferno,Documentary,2016,107,7.2,English
LA Originals,Documentary,2020,92,7.2,English
Ladies First,Documentary,2018,39,7.2,English/Hindi
Love per Square Foot,Romantic comedy,2018,133,7.2,Hindi
Paddleton,Drama-Comedy,2019,89,7.2,English
Private Life,Drama,2018,124,7.2,English
Seventeen,Coming-of-age comedy-drama,2019,99,7.2,Spanish
Sometimes,Drama,2018,101,7.2,Tamil
Soni,Crime drama,2019,97,7.2,Hindi
The 40-Year-Old Version,Comedy,2020,124,7.2,English
The Disciple,Drama,2021,129,7.2,Marathi
The Edge of Democracy,Documentary,2019,121,7.2,Portuguese
The King,Historical drama,2019,140,7.2,English
The Road to El Camino: A Breaking Bad Movie,Making-of,2019,13,7.2,English
The Siege of Jadotville,War,2016,108,7.2,English
Zion ,Documentary,2018,11,7.2,English
Dolemite Is My Name,Biopic,2019,118,7.3,English
El Camino: A Breaking Bad Movie,Crime drama,2019,121,7.3,English
Extremis,Documentary,2016,24,7.3,English
Father Soldier Son,Documentary,2020,100,7.3,English
Get Me Roger Stone,Documentary,2017,101,7.3,English
I'm No Longer Here,Drama,2020,105,7.3,Spanish
Mucho Mucho Amor: The Legend of Walter Mercado ,Documentary,2020,96,7.3,Spanish/English
Octonauts & the Great Barrier Reef,Animation,2020,47,7.3,English
Okja,Action-adventure,2017,121,7.3,English/Korean
On My Skin,Crime drama,2018,100,7.3,Italian
Raat Akeli Hai,Thriller,2020,149,7.3,Hindi
ReMastered: Massacre at the Stadium,Documentary,2019,64,7.3,English/Spanish
ReMastered: The Two Killings of Sam Cooke,Documentary,2019,64,7.3,English
Secrets of the Saqqara Tomb,Documentary,2020,114,7.3,English/Arabic
Sitara: Let Girls Dream,Animation / Short,2020,15,7.3,English
Sky Ladder: The Art of Cai Guo-Qiang,Documentary,2016,79,7.3,English/Mandarin
Team Foxcatcher,Documentary,2016,90,7.3,English/Russian
The Ballad of Buster Scruggs,Western,2018,132,7.3,English
The Death and Life of Marsha P. Johnson,Documentary,2017,105,7.3,English
The Fundamentals of Caring,Comedy-drama,2016,97,7.3,English
The Other One: The Long Strange Trip of Bob Weir,Documentary,2015,83,7.3,English
American Factory,Documentary,2019,110,7.4,English
Fire in Paradise,Documentary,2019,39,7.4,English
Long Shot,Documentary,2017,40,7.4,English
Miss Americana,Documentary,2020,85,7.4,English
Period. End of Sentence.,Documentary,2019,26,7.4,English/Hindi
Shawn Mendes: Live in Concert,Concert Film,2020,87,7.4,English
Shirkers,Documentary,2018,97,7.4,English
The Black Godfather,Documentary,2019,118,7.4,English
The Irishman: In Conversation,Aftershow / Interview,2019,23,7.4,English
The Speed Cubers,Documentary,2020,40,7.4,English
They'll Love Me When I'm Dead,Documentary,2018,98,7.4,English
Tig,Documentary,2015,80,7.4,English
"Barbra: The Music, The Mem'ries, The Magic!",Concert Film,2017,108,7.5,English
Blackpink: Light Up the Sky,Documentary,2020,79,7.5,Korean
City of Joy,Documentary,2018,74,7.5,English
Dick Johnson Is Dead,Documentary,2020,90,7.5,English
Homecoming: A Film by Beyonce ,Documentary,2019,137,7.5,English
Invader Zim: Enter the Florpus,Animation / Science Fiction,2019,71,7.5,English
Joan Didion: The Center Will Not Hold,Documentary,2017,98,7.5,English
John Mulaney & the Sack Lunch Bunch,Variety show,2019,70,7.5,English
Reversing Roe,Documentary,2018,99,7.5,English
The White Helmets,Documentary,2016,40,7.5,English
Athlete A,Documentary,2020,104,7.6,English
Ludo,Anthology/Dark comedy,2020,149,7.6,Hindi
Quincy,Documentary,2018,124,7.6,English
Rolling Thunder Revue: A bob Dylan Story by Martin Scorsere,Documentary,2019,144,7.6,English
Tell Me Who I Am,Documentary,2019,85,7.6,English
The Bleeding Edge,Documentary,2018,100,7.6,English
The Social Dilemma,Documentary,2020,94,7.6,English
The Two Popes,Drama,2019,125,7.6,English
"What Happened, Miss Simone?",Documentary,2015,84,7.6,English
Yeh Ballet,Drama,2020,117,7.6,Hindi
Anima,Musical / Short,2019,15,7.7,English
Beasts of No Nation,War drama,2015,136,7.7,English/Akan
Brene Brown: The Call to Courage,Documentary,2019,76,7.7,English
Crip Camp: A Disability Revolution,Documentary,2020,108,7.7,English
"Jim & Andy: The Great Beyond - Featuring a Very Special, Contractually Obligated Mention of Tony Cliffton ",Documentary,2017,94,7.7,English
Justin Timberlake + The Tennessee Kids,Concert Film,2016,90,7.7,English
Road to Roma,Making-of,2020,72,7.7,Spanish
Roma,Drama,2018,135,7.7,Spanish
If Anything Happens I Love You,Animation / Short,2020,12,7.8,English
The Irishman,Crime drama,2019,209,7.8,English
The Trial of the Chicago 7,Drama,2020,130,7.8,English
A Secret Love,Documentary,2020,82,7.9,English
Icarus,Documentary,2017,120,7.9,English
Marriage Story,Drama,2019,136,7.9,English
The Ivory Game,Documentary,2016,112,7.9,English
Struggle: The Life and Lost Art of Szukaiski,Documentary,2018,105,8.0,English
Chasing Coral ,Documentary,2017,89,8.1,English
My Octopus Teacher,Documentary,2020,85,8.1,English
Rising Phoenix,Documentary,2020,106,8.1,English
13th,Documentary,2016,100,8.2,English
Disclosure: Trans Lives on Screen,Documentary,2020,107,8.2,English
Klaus,Animation/Christmas/Comedy/Adventure,2019,97,8.2,English
Seaspiracy,Documentary,2021,89,8.2,English
The Three Deaths of Marisela Escobedo,Documentary,2020,109,8.2,Spanish
Cuba and the Cameraman ,Documentary,2017,114,8.3,English
Dancing with the Birds,Documentary,2019,51,8.3,English
Ben Platt: Live from Radio City Music Hall,Concert Film,2020,85,8.4,English
Taylor Swift: Reputation Stadium Tour,Concert Film,2018,125,8.4,English
Winter on Fire: Ukraine's Fight for Freedom,Documentary,2015,91,8.4,English/Ukranian/Russian
Springsteen on Broadway,One-man show,2018,153,8.5,English
Emicida: AmarElo - It's All For Yesterday,Documentary,2020,89,8.6,Portuguese
David Attenborough: A Life on Our Planet,Documentary,2020,83,9.0,English
